<?xml version="1.0" encoding="utf-8"?>
<config>
	
	<folders>
		<images src="uploads/" />
	</folders>
	
	<panel title="Settings">
		
		<tab title="一般设置">

			<custom-module title="博客站标" function="favicon" target="uploads/favicon/" />
			<custom-module title="自定义Feed URL" function="custom_feed_url" />
			<custom-module title="头部代码" function="header_html" />
			<custom-module title="页脚代码" function="footer_html" />
			<custom-module title="搜索设置" function="search_settings" />
			<custom-module title="Feed设置" function="feed_settings" />
		</tab>

		<tab title="默认布局">
			
			<custom-module title="默认首页布局 (归档，分类，搜索，标签页面等等。)" function="default_layout" />
			<custom-module title="默认日志布局 (日志)" function="default_post_layout" />
			<custom-module title="默认静态页面布局" function="default_page_layout" />
				
		</tab>
		
		<tab title="主题设置">
			
			<custom-module title="排除 RSS Link" function="exclude_rss" />
			<custom-module title="排除 Search Form" function="exclude_search_form" />
			<custom-module title="翻页设置" function="pagination_infinite" />
			<custom-module title="页脚小工具" function="footer_widgets" />
			<custom-module title="页脚文本1" function="footer_text_left" />
			<custom-module title="页脚文本2" function="footer_text_right" />
		
		</tab>

		<tab title="图像脚本">
			
			<custom-module title="图像脚本 (img.php) 设置" function="img_settings" />
				
		</tab>

		<tab title="社会化链接">

			<custom-module title="管理链接" function="themify_manage_links" />

		</tab>
		
	</panel>
	
	<panel title="Styling">
	
		<tab title="背景">
			
			<element title="全局背景" selector="body">
				<module name="image-preview" src="uploads/bg/" />
				<module name="background-image" target="uploads/bg/" />
				<module name="background-color" />
				<module name="background-repeat" />
				<module name="background-position" />
			</element>

			<element title="头部区域背景" selector="#headerwrap">
				<module name="image-preview" src="uploads/bg/" />
				<module name="background-image" target="uploads/bg/" />
				<module name="background-color" />
				<module name="background-repeat" />
				<module name="background-position" />
			</element>

			<element title="页脚区域背景" selector="#footerwrap">
				<module name="image-preview" src="uploads/bg/" />
				<module name="background-image" target="uploads/bg/" />
				<module name="background-color" />
				<module name="background-repeat" />
				<module name="background-position" />
			</element>
							
		</tab>

		<tab title="全局字体">

			<element title="全局字体样式" selector="body">
				<module name="font-family" />
				<module name="color" />
				<module name="font-size" />
				<module name="line-height" />
			</element>
			
			<element title="全局链接 a:link" selector="a">
				<module name="color" />
				<module name="text-decoration" />
			</element>
			
			<element title="全局链接 a:hover" selector="a:hover">
				<module name="color" />
				<module name="text-decoration" />
			</element>
							
		</tab>

		<tab title="标题">

			<element title="标题 1 (h1)" selector="h1">
				<module name="font-family" />
				<module name="color" />
				<module name="font-size" />
				<module name="font-weight" />
				<module name="font-style" />
				<module name="font-variant" />
				<module name="line-height" />
				<module name="text-transform" />
				<module name="text-decoration" />
			</element>

			<element title="标题 2 (h2)" selector="h2">
				<module name="font-family" />
				<module name="color" />
				<module name="font-size" />
				<module name="font-weight" />
				<module name="font-style" />
				<module name="font-variant" />
				<module name="line-height" />
				<module name="text-transform" />
				<module name="text-decoration" />
			</element>

			<element title="标题 3 (h3)" selector="h3">
				<module name="font-family" />
				<module name="color" />
				<module name="font-size" />
				<module name="font-weight" />
				<module name="font-style" />
				<module name="font-variant" />
				<module name="line-height" />
				<module name="text-transform" />
				<module name="text-decoration" />
			</element>

			<element title="标题 4 (h4)" selector="h4">
				<module name="font-family" />
				<module name="color" />
				<module name="font-size" />
				<module name="font-weight" />
				<module name="font-style" />
				<module name="font-variant" />
				<module name="line-height" />
				<module name="text-transform" />
				<module name="text-decoration" />
			</element>

			<element title="标题 5 (h5)" selector="h5">
				<module name="font-family" />
				<module name="color" />
				<module name="font-size" />
				<module name="font-weight" />
				<module name="font-style" />
				<module name="font-variant" />
				<module name="line-height" />
				<module name="text-transform" />
				<module name="text-decoration" />
			</element>

			<element title="标题 6 (h6)" selector="h6">
				<module name="font-family" />
				<module name="color" />
				<module name="font-size" />
				<module name="font-weight" />
				<module name="font-style" />
				<module name="font-variant" />
				<module name="line-height" />
				<module name="text-transform" />
				<module name="text-decoration" />
			</element>
						
		</tab>

		<tab title="表单元素">

			<element title="表单域 ((输入, 文本区域, 等等)" selector="input[type=text], input[type=password], textarea, input[type=search]">
				<module name="background-color" />
				<module name="border" />
				<module name="padding" />
				<module name="font-family" />
				<module name="color" />
				<module name="font-size" />
			</element>

			<element title="表单域 :focus" selector="textarea:focus, input[type=password]:focus, input[type=text]:focus">
				<module name="background-color" />
				<module name="border" />
				<module name="color" />
			</element>

			<element title="表单按钮" selector="input[type=reset], input[type=submit]">
				<module name="background-color" />
				<module name="border" />
				<module name="color" />
			</element>

			<element title="表单按钮 a:hover" selector="input[type=reset]:hover, input[type=submit]:hover">
				<module name="background-color" />
				<module name="border" />
				<module name="color" />
			</element>
							
		</tab>

		<tab title="头部">
			
			<element title="头部" selector="#header">
				<module name="image-preview" src="uploads/bg/" />
				<module name="background-image" target="uploads/bg/" />
				<module name="background-color" />
				<module name="background-repeat" />
				<module name="background-position" />
				<module name="divider" />
				<module name="color" />
				<module name="divider" />
				<module name="height" />
				<module name="border" />
			</element>

			<element title="头部 a:link" selector="#header a">
				<module name="color" />
				<module name="text-decoration" />
			</element>

			<element title="头部 a:hover" selector="#header a:hover">
				<module name="color" />
				<module name="text-decoration" />
			</element>
						
		</tab>

		<tab title="站标Logo">

			<element title="站标Logo位置" selector="#site-logo">
				<module name="position" />
			</element>

			<element title="站标Logo" selector="#site-logo a">
				<module name="site_logo" target="uploads/logo/" />
				<module name="divider" />
				<module name="font-family" />
				<module name="color" />
				<module name="font-size" />
				<module name="font-weight" />
				<module name="font-style" />
				<module name="font-variant" />
				<module name="text-transform" />
				<module name="text-decoration" />
			</element>

			<element title="站标Logo a:hover" selector="#site-logo a:hover">
				<module name="color" />
				<module name="text-decoration" />
			</element>

		</tab>		

		<tab title="主导航">

			<element title="主导航位置" selector="#main-nav">
				<module name="position" />
			</element>

			<element title="主导航 a:link" selector="#main-nav a">
				<module name="font-family" />
				<module name="font-size" />
				<module name="color" />
				<module name="text-decoration" />
				<module name="text-transform" />
				<module name="divider" />
				<module name="padding" />
				<module name="background-color" />
			</element>

			<element title="主导航 a:hover" selector="#main-nav a:hover, #main-nav li:hover > a">
				<module name="color" />
				<module name="text-decoration" />
				<module name="background-color" />
			</element>

			<element title="主导航 Active (current)" selector="#main-nav .current_page_item a, #main-nav .current-menu-item a">
				<module name="color" />
				<module name="background-color" />
			</element>

			<element title="主导航 Active :hover" selector="#main-nav .current_page_item a:hover, #main-nav .current-menu-item a:hover">
				<module name="color" />
				<module name="background-color" />
			</element>

			<element title="下拉菜单" selector="#main-nav ul">
				<module name="background-color" />
				<module name="padding" />
				<module name="border" />
			</element>

			<element title="下拉菜单 a:link" selector="#main-nav ul a, #main-nav .current_page_item ul a, #main-nav ul .current_page_item a, #main-nav .current-menu-item ul a, #main-nav ul .current-menu-item a, #main-nav li:hover > ul a">
				<module name="font-family" />
				<module name="font-size" />
				<module name="color" />
				<module name="background-color" />
				<module name="padding" />
				<module name="border" />
			</element>
			
			<element title="下拉菜单 a:hover" selector="#main-nav ul a:hover, #main-nav .current_page_item ul a:hover, #main-nav ul .current_page_item a:hover, #main-nav .current-menu-item ul a:hover, #main-nav ul .current-menu-item a:hover, #main-nav li:hover > ul a:hover">
				<module name="color" />
				<module name="background-color" />
			</element>

		</tab>

		<tab title="日志标题">

			<element title="日志标题字体样式" selector=".post-title">
				<module name="font-family" />
				<module name="color" />
				<module name="font-size" />
				<module name="font-weight" />
				<module name="font-style" />
				<module name="font-variant" />
				<module name="line-height" />
				<module name="text-transform" />
				<module name="text-decoration" />
			</element>
			
			<element title="日志标题 a:link" selector=".post-title a">
				<module name="color" />
				<module name="text-decoration" />
			</element>
			
			<element title="日志标题 a:hover" selector=".post-title a:hover">
				<module name="color" />
				<module name="text-decoration" />
			</element>
				
		</tab>

		<tab title="独立页面标题">

			<element title="独立页面标题字体样式" selector=".page-title">
				<module name="font-family" />
				<module name="color" />
				<module name="font-size" />
				<module name="font-weight" />
				<module name="font-style" />
				<module name="font-variant" />
				<module name="line-height" />
				<module name="text-transform" />
			</element>
							
		</tab>

		<tab title="日志信息框">

			<element title="日志信息框字体样式" selector=".post-meta, .post-meta em">
				<module name="font-family" />
				<module name="color" />
				<module name="font-size" />
				<module name="font-weight" />
			</element>
						
			<element title="日志信息框 a:link" selector=".post-meta a">
				<module name="color" />
				<module name="text-decoration" />
			</element>

			<element title="日志信息框 a:hover" selector=".post-meta a:hover">
				<module name="color" />
				<module name="text-decoration" />
			</element>

			<element title="日志时期" selector=".post-date">
				<module name="font-family" />
				<module name="color" />
				<module name="font-size" />
				<module name="font-weight" />
			</element>

			<element title="更多链接" selector=".more-link">
				<module name="font-family" />
				<module name="color" />
				<module name="font-size" />
				<module name="font-weight" />
				<module name="divider" />
				<module name="background-color" />
				<module name="padding" />
				<module name="margin" />
				<module name="border" />
			</element>

			<element title="更多链接 a:hover" selector=".more-link:hover">
				<module name="color" />
				<module name="background-color" />
			</element>
							
		</tab>

		<tab title="日志导航">

			<element title="日志导航 (下一个/上一个)" selector=".post-nav">
				<module name="border" />
			</element>

			<element title="日志导航 a:link" selector=".post-nav a">
				<module name="font-family" />
				<module name="color" />
				<module name="font-size" />
				<module name="line-height" />
				<module name="font-weight" />
				<module name="font-style" />
				<module name="font-variant" />
				<module name="text-decoration" />
			</element>

			<element title="日志导航 a:hover" selector=".post-nav a:hover">
				<module name="color" />
				<module name="text-decoration" />
			</element>
		
		</tab>

		<tab title="侧边栏">

			<element title="侧边栏字体样式" selector="#sidebar">
				<module name="font-family" />
				<module name="color" />
				<module name="font-size" />
				<module name="line-height" />
			</element>

			<element title="侧边栏 a:link" selector="#sidebar a">
				<module name="color" />
				<module name="text-decoration" />
			</element>
			
			<element title="侧边栏 a:hover" selector="#sidebar a:hover">
				<module name="color" />
				<module name="text-decoration" />
			</element>

			<element title="侧边栏小工具区域" selector="#sidebar .widget">
				<module name="background-color" />
				<module name="padding" />
				<module name="margin" />
				<module name="border" />
			</element>

			<element title="侧边栏小工具标题" selector="#sidebar .widgettitle">
				<module name="font-family" />
				<module name="color" />
				<module name="font-size" />
				<module name="font-weight" />
				<module name="font-style" />
				<module name="font-variant" />
				<module name="line-height" />
				<module name="text-transform" />
				<module name="text-decoration" />
				<module name="divider" />
				<module name="border" />
				<module name="background-color" />
				<module name="padding" />
				<module name="margin" />
			</element>

			<element title="侧栏小工具列表 (li)" selector="#sidebar .widget li ">
				<module name="background-color" />
				<module name="margin" />
				<module name="padding" />
				<module name="border" />
			</element>
			
		</tab>
		
		<tab title="Footer">

			<element title="页脚字体样式" selector="#footer">
				<module name="font-family" />
				<module name="color" />
				<module name="font-size" />
				<module name="line-height" />
			</element>
			
			<element title="页脚链接 a:link" selector="#footer a">
				<module name="color" />
				<module name="text-decoration" />
			</element>
			
			<element title="页脚链接 a:hover" selector="#footer a:hover">
				<module name="color" />
				<module name="text-decoration" />
			</element>
		
			<element title="页脚小工具区" selector="#footer .widget">
				<module name="background-color" />
				<module name="padding" />
				<module name="margin" />
				<module name="border" />
			</element>

			<element title="页脚小工具标题" selector="#footer .widgettitle">
				<module name="font-family" />
				<module name="color" />
				<module name="font-size" />
				<module name="font-weight" />
				<module name="font-style" />
				<module name="font-variant" />
				<module name="line-height" />
				<module name="text-transform" />
				<module name="text-decoration" />
				<module name="divider" />
				<module name="border" />
				<module name="background-color" />
				<module name="padding" />
				<module name="margin" />
			</element>

			<element title="页脚小工具列表 (li)" selector="#footer .widget li ">
				<module name="background-color" />
				<module name="margin" />
				<module name="padding" />
				<module name="border" />
			</element>
			
		</tab>
		
		<tab title="自定义CSS">
			
			<element title="自定义CSS" selector="html">
				<module name="custom_css" />
			</element>
			
		</tab>
		
	</panel>

</config>